Base Model;SCP Adv;SCP Default;Trivial Adv;Trivial Default;Unstruct Adv;Unstruct Default
0.054885756;0.3250901;0.4235409;0.8553723;0.5482346;0.2133922;0.4455451
0.30437735;0.4681942;0.44806784;0.65282077;0.5279077;0.18600199;0.4661378
