Base Model;SCP Adv;SCP Default;Trivial Adv;Trivial Default;Unstruct Adv;Unstruct Default
0.08781279;0.48008;0.45606107;0.9471709;0.5632543;0.3558637;0.45904762
0.29960066;0.6552948;0.52955616;0.8598683;0.585877;0.37151915;0.46317258
